{
  "provider": "google_pay",
  "data": {
    "environment": "TEST",
    "apiVersion": 2,
    "apiVersionMinor": 0,
    "allowedPaymentMethods": [
      {
        "type": "CARD",
        "parameters": {
          "allowedAuthMethods": ["PAN_ONLY", "CRYPTOGRAM_3DS"],
          "allowedCardNetworks": ["MASTERCARD", "VISA"]
        },
        "tokenizationSpecification": {
          "type": "PAYMENT_GATEWAY",
          "parameters": {
            "gateway": "example",
            "gatewayMerchantId": "exampleGatewayMerchantId"
          }
        }
      }
    ],
    "merchantInfo": {
      "merchantName": "Example Merchant"
    },
    "transactionInfo": {
      "totalPriceStatus": "FINAL",
      "totalPrice": "12.34",
      "currencyCode": "USD"
    }
  }
}
